<?xml version="1.0" encoding="utf-8" standalone="yes"?>
<rss version="2.0" xmlns:atom="http://www.w3.org/2005/Atom">
  <channel>
    <title>Blog on Suzlu | Hugo Ecommerce Site</title>
    <link>https://suzlu.com/blog/</link>
    <description>Recent content in Blog on Suzlu | Hugo Ecommerce Site</description>
    <generator>Hugo -- gohugo.io</generator>
    <language>en</language>
    <lastBuildDate>Thu, 17 Oct 2019 11:22:16 +0600</lastBuildDate>
    
	<atom:link href="https://suzlu.com/blog/index.xml" rel="self" type="application/rss+xml" />
    
    
    <item>
      <title>Human Gut Microbes Could Make Processed Foods Healthier</title>
      <link>https://suzlu.com/blog/post-2/</link>
      <pubDate>Thu, 17 Oct 2019 11:22:16 +0600</pubDate>
      
      <guid>https://suzlu.com/blog/post-2/</guid>
      <description>Lorem ipsum dolor sit amet, consetetur sadipscing elitr, sed diam nonumy eirmod tempor invidunt ut labore et dolore magna aliquyam erat, sed diam voluptua.</description>
    </item>
    
    <item>
      <title>Lower Back Pain? Self-Administered Acupressure Could Help</title>
      <link>https://suzlu.com/blog/post-1/</link>
      <pubDate>Thu, 17 Oct 2019 11:22:16 +0600</pubDate>
      
      <guid>https://suzlu.com/blog/post-1/</guid>
      <description>Lorem ipsum dolor sit amet, consetetur sadipscing elitr, sed diam nonumy eirmod tempor invidunt ut labore et dolore magna aliquyam erat, sed diam voluptua.</description>
    </item>
    
  </channel>
</rss>