<?xml version="1.0" encoding="utf-8" standalone="yes"?>
<rss version="2.0" xmlns:atom="http://www.w3.org/2005/Atom">
  <channel>
    <title>Terms &amp; Conditions on Suzlu | Hugo Ecommerce Site</title>
    <link>https://suzlu.com/terms-conditions/</link>
    <description>Recent content in Terms &amp; Conditions on Suzlu | Hugo Ecommerce Site</description>
    <generator>Hugo -- gohugo.io</generator>
    <language>en</language>
    <lastBuildDate>Thu, 17 Oct 2019 11:22:16 +0600</lastBuildDate>
    
	<atom:link href="https://suzlu.com/terms-conditions/index.xml" rel="self" type="application/rss+xml" />
    
    
  </channel>
</rss>