<?xml version="1.0" encoding="utf-8" standalone="yes"?>
<rss version="2.0" xmlns:atom="http://www.w3.org/2005/Atom">
  <channel>
    <title>Categories on Suzlu | Hugo Ecommerce Site</title>
    <link>https://suzlu.com/categories/</link>
    <description>Recent content in Categories on Suzlu | Hugo Ecommerce Site</description>
    <generator>Hugo -- gohugo.io</generator>
    <language>en</language>
    
	<atom:link href="https://suzlu.com/categories/index.xml" rel="self" type="application/rss+xml" />
    
    
  </channel>
</rss>